year,indicator,disaggregation,disagg.value,value
2000,adolescent_obesity,sex,Boys,17.49
2000,adolescent_obesity,sex,Girls,15.38
2001,adolescent_obesity,sex,Boys,18.05
2001,adolescent_obesity,sex,Girls,15.82
2002,adolescent_obesity,sex,Boys,18.58
2002,adolescent_obesity,sex,Girls,16.22
2003,adolescent_obesity,sex,Boys,19.08
2003,adolescent_obesity,sex,Girls,16.6
2004,adolescent_obesity,sex,Boys,19.54
2004,adolescent_obesity,sex,Girls,16.94
2005,adolescent_obesity,sex,Boys,19.97
2005,adolescent_obesity,sex,Girls,17.25
2006,adolescent_obesity,sex,Boys,20.37
2006,adolescent_obesity,sex,Girls,17.52
2007,adolescent_obesity,sex,Boys,20.75
2007,adolescent_obesity,sex,Girls,17.78
2008,adolescent_obesity,sex,Boys,21.09
2008,adolescent_obesity,sex,Girls,18.01
2009,adolescent_obesity,sex,Boys,21.42
2009,adolescent_obesity,sex,Girls,18.22
2010,adolescent_obesity,sex,Boys,21.72
2010,adolescent_obesity,sex,Girls,18.42
2011,adolescent_obesity,sex,Boys,22.01
2011,adolescent_obesity,sex,Girls,18.61
2012,adolescent_obesity,sex,Boys,22.28
2012,adolescent_obesity,sex,Girls,18.79
2013,adolescent_obesity,sex,Boys,22.54
2013,adolescent_obesity,sex,Girls,18.96
2014,adolescent_obesity,sex,Boys,22.79
2014,adolescent_obesity,sex,Girls,19.13
2015,adolescent_obesity,sex,Boys,23.04
2015,adolescent_obesity,sex,Girls,19.3
2016,adolescent_obesity,sex,Boys,23.29
2016,adolescent_obesity,sex,Girls,19.47
2000,adolescent_overweight,sex,Boys,36.53
2000,adolescent_overweight,sex,Girls,34.59
2001,adolescent_overweight,sex,Boys,37.27
2001,adolescent_overweight,sex,Girls,35.15
2002,adolescent_overweight,sex,Boys,37.97
2002,adolescent_overweight,sex,Girls,35.67
2003,adolescent_overweight,sex,Boys,38.62
2003,adolescent_overweight,sex,Girls,36.13
2004,adolescent_overweight,sex,Boys,39.23
2004,adolescent_overweight,sex,Girls,36.55
2005,adolescent_overweight,sex,Boys,39.79
2005,adolescent_overweight,sex,Girls,36.92
2006,adolescent_overweight,sex,Boys,40.31
2006,adolescent_overweight,sex,Girls,37.26
2007,adolescent_overweight,sex,Boys,40.79
2007,adolescent_overweight,sex,Girls,37.55
2008,adolescent_overweight,sex,Boys,41.25
2008,adolescent_overweight,sex,Girls,37.82
2009,adolescent_overweight,sex,Boys,41.68
2009,adolescent_overweight,sex,Girls,38.06
2010,adolescent_overweight,sex,Boys,42.07
2010,adolescent_overweight,sex,Girls,38.29
2011,adolescent_overweight,sex,Boys,42.45
2011,adolescent_overweight,sex,Girls,38.5
2012,adolescent_overweight,sex,Boys,42.82
2012,adolescent_overweight,sex,Girls,38.69
2013,adolescent_overweight,sex,Boys,43.17
2013,adolescent_overweight,sex,Girls,38.89
2014,adolescent_overweight,sex,Boys,43.51
2014,adolescent_overweight,sex,Girls,39.07
2015,adolescent_overweight,sex,Boys,43.84
2015,adolescent_overweight,sex,Girls,39.26
2016,adolescent_overweight,sex,Boys,44.18
2016,adolescent_overweight,sex,Girls,39.45
2000,adolescent_thinness,sex,Boys,0.99
2000,adolescent_thinness,sex,Girls,0.48
2001,adolescent_thinness,sex,Boys,0.98
2001,adolescent_thinness,sex,Girls,0.47
2002,adolescent_thinness,sex,Boys,0.97
2002,adolescent_thinness,sex,Girls,0.46
2003,adolescent_thinness,sex,Boys,0.96
2003,adolescent_thinness,sex,Girls,0.45
2004,adolescent_thinness,sex,Boys,0.96
2004,adolescent_thinness,sex,Girls,0.45
2005,adolescent_thinness,sex,Boys,0.96
2005,adolescent_thinness,sex,Girls,0.44
2006,adolescent_thinness,sex,Boys,0.95
2006,adolescent_thinness,sex,Girls,0.44
2007,adolescent_thinness,sex,Boys,0.95
2007,adolescent_thinness,sex,Girls,0.44
2008,adolescent_thinness,sex,Boys,0.96
2008,adolescent_thinness,sex,Girls,0.43
2009,adolescent_thinness,sex,Boys,0.96
2009,adolescent_thinness,sex,Girls,0.43
2010,adolescent_thinness,sex,Boys,0.96
2010,adolescent_thinness,sex,Girls,0.43
2011,adolescent_thinness,sex,Boys,0.96
2011,adolescent_thinness,sex,Girls,0.43
2012,adolescent_thinness,sex,Boys,0.97
2012,adolescent_thinness,sex,Girls,0.43
2013,adolescent_thinness,sex,Boys,0.97
2013,adolescent_thinness,sex,Girls,0.43
2014,adolescent_thinness,sex,Boys,0.97
2014,adolescent_thinness,sex,Girls,0.43
2015,adolescent_thinness,sex,Boys,0.98
2015,adolescent_thinness,sex,Girls,0.44
2016,adolescent_thinness,sex,Boys,0.99
2016,adolescent_thinness,sex,Girls,0.44
2000,adult_anaemia,pregnancy,All women,7.8
2000,adult_anaemia,pregnancy,Non-pregnant women,7.8
2000,adult_anaemia,pregnancy,Pregnant women,9.4
2001,adult_anaemia,pregnancy,All women,7.7
2001,adult_anaemia,pregnancy,Non-pregnant women,7.7
2001,adult_anaemia,pregnancy,Pregnant women,9.2
2002,adult_anaemia,pregnancy,All women,7.7
2002,adult_anaemia,pregnancy,Non-pregnant women,7.7
2002,adult_anaemia,pregnancy,Pregnant women,9.1
2003,adult_anaemia,pregnancy,All women,7.8
2003,adult_anaemia,pregnancy,Non-pregnant women,7.8
2003,adult_anaemia,pregnancy,Pregnant women,9.1
2004,adult_anaemia,pregnancy,All women,7.9
2004,adult_anaemia,pregnancy,Non-pregnant women,7.9
2004,adult_anaemia,pregnancy,Pregnant women,9.1
2005,adult_anaemia,pregnancy,All women,8.1
2005,adult_anaemia,pregnancy,Non-pregnant women,8.1
2005,adult_anaemia,pregnancy,Pregnant women,9.2
2006,adult_anaemia,pregnancy,All women,8.4
2006,adult_anaemia,pregnancy,Non-pregnant women,8.4
2006,adult_anaemia,pregnancy,Pregnant women,9.3
2007,adult_anaemia,pregnancy,All women,8.7
2007,adult_anaemia,pregnancy,Non-pregnant women,8.6
2007,adult_anaemia,pregnancy,Pregnant women,9.5
2008,adult_anaemia,pregnancy,All women,8.9
2008,adult_anaemia,pregnancy,Non-pregnant women,8.9
2008,adult_anaemia,pregnancy,Pregnant women,9.6
2009,adult_anaemia,pregnancy,All women,9.2
2009,adult_anaemia,pregnancy,Non-pregnant women,9.2
2009,adult_anaemia,pregnancy,Pregnant women,9.8
2010,adult_anaemia,pregnancy,All women,9.5
2010,adult_anaemia,pregnancy,Non-pregnant women,9.4
2010,adult_anaemia,pregnancy,Pregnant women,10
2011,adult_anaemia,pregnancy,All women,9.8
2011,adult_anaemia,pregnancy,Non-pregnant women,9.8
2011,adult_anaemia,pregnancy,Pregnant women,10.2
2012,adult_anaemia,pregnancy,All women,10
2012,adult_anaemia,pregnancy,Non-pregnant women,10
2012,adult_anaemia,pregnancy,Pregnant women,10.4
2013,adult_anaemia,pregnancy,All women,10.3
2013,adult_anaemia,pregnancy,Non-pregnant women,10.3
2013,adult_anaemia,pregnancy,Pregnant women,10.5
2014,adult_anaemia,pregnancy,All women,10.5
2014,adult_anaemia,pregnancy,Non-pregnant women,10.5
2014,adult_anaemia,pregnancy,Pregnant women,10.7
2015,adult_anaemia,pregnancy,All women,10.7
2015,adult_anaemia,pregnancy,Non-pregnant women,10.7
2015,adult_anaemia,pregnancy,Pregnant women,10.8
2016,adult_anaemia,pregnancy,All women,11
2016,adult_anaemia,pregnancy,Non-pregnant women,11
2016,adult_anaemia,pregnancy,Pregnant women,11
2017,adult_anaemia,pregnancy,All women,11.2
2017,adult_anaemia,pregnancy,Non-pregnant women,11.2
2017,adult_anaemia,pregnancy,Pregnant women,11.1
2018,adult_anaemia,pregnancy,All women,11.5
2018,adult_anaemia,pregnancy,Non-pregnant women,11.5
2018,adult_anaemia,pregnancy,Pregnant women,11.3
2019,adult_anaemia,pregnancy,All women,11.8
2019,adult_anaemia,pregnancy,Non-pregnant women,11.8
2019,adult_anaemia,pregnancy,Pregnant women,11.5
2000,adult_blood_pressure,sex,Female,12.96
2000,adult_blood_pressure,sex,Male,17.52
2001,adult_blood_pressure,sex,Female,12.76
2001,adult_blood_pressure,sex,Male,17.29
2002,adult_blood_pressure,sex,Female,12.56
2002,adult_blood_pressure,sex,Male,17.08
2003,adult_blood_pressure,sex,Female,12.37
2003,adult_blood_pressure,sex,Male,16.89
2004,adult_blood_pressure,sex,Female,12.18
2004,adult_blood_pressure,sex,Male,16.72
2005,adult_blood_pressure,sex,Female,12
2005,adult_blood_pressure,sex,Male,16.58
2006,adult_blood_pressure,sex,Female,11.83
2006,adult_blood_pressure,sex,Male,16.46
2007,adult_blood_pressure,sex,Female,11.67
2007,adult_blood_pressure,sex,Male,16.34
2008,adult_blood_pressure,sex,Female,11.5
2008,adult_blood_pressure,sex,Male,16.2
2009,adult_blood_pressure,sex,Female,11.35
2009,adult_blood_pressure,sex,Male,16.06
2010,adult_blood_pressure,sex,Female,11.2
2010,adult_blood_pressure,sex,Male,15.91
2011,adult_blood_pressure,sex,Female,11.06
2011,adult_blood_pressure,sex,Male,15.78
2012,adult_blood_pressure,sex,Female,10.93
2012,adult_blood_pressure,sex,Male,15.65
2013,adult_blood_pressure,sex,Female,10.8
2013,adult_blood_pressure,sex,Male,15.53
2014,adult_blood_pressure,sex,Female,10.67
2014,adult_blood_pressure,sex,Male,15.42
2015,adult_blood_pressure,sex,Female,10.54
2015,adult_blood_pressure,sex,Male,15.31
2000,adult_diabetes,sex,Female,5.72
2000,adult_diabetes,sex,Male,7.04
2001,adult_diabetes,sex,Female,5.79
2001,adult_diabetes,sex,Male,7.15
2002,adult_diabetes,sex,Female,5.86
2002,adult_diabetes,sex,Male,7.26
2003,adult_diabetes,sex,Female,5.92
2003,adult_diabetes,sex,Male,7.36
2004,adult_diabetes,sex,Female,5.97
2004,adult_diabetes,sex,Male,7.46
2005,adult_diabetes,sex,Female,6.02
2005,adult_diabetes,sex,Male,7.55
2006,adult_diabetes,sex,Female,6.06
2006,adult_diabetes,sex,Male,7.63
2007,adult_diabetes,sex,Female,6.1
2007,adult_diabetes,sex,Male,7.71
2008,adult_diabetes,sex,Female,6.14
2008,adult_diabetes,sex,Male,7.78
2009,adult_diabetes,sex,Female,6.18
2009,adult_diabetes,sex,Male,7.84
2010,adult_diabetes,sex,Female,6.22
2010,adult_diabetes,sex,Male,7.9
2011,adult_diabetes,sex,Female,6.28
2011,adult_diabetes,sex,Male,7.97
2012,adult_diabetes,sex,Female,6.32
2012,adult_diabetes,sex,Male,8.03
2013,adult_diabetes,sex,Female,6.38
2013,adult_diabetes,sex,Male,8.1
2014,adult_diabetes,sex,Female,6.44
2014,adult_diabetes,sex,Male,8.17
2000,adult_obesity,sex,Female,26.9
2000,adult_obesity,sex,Male,24.02
2001,adult_obesity,sex,Female,27.6
2001,adult_obesity,sex,Male,24.78
2002,adult_obesity,sex,Female,28.28
2002,adult_obesity,sex,Male,25.52
2003,adult_obesity,sex,Female,28.94
2003,adult_obesity,sex,Male,26.26
2004,adult_obesity,sex,Female,29.6
2004,adult_obesity,sex,Male,26.98
2005,adult_obesity,sex,Female,30.24
2005,adult_obesity,sex,Male,27.7
2006,adult_obesity,sex,Female,30.87
2006,adult_obesity,sex,Male,28.41
2007,adult_obesity,sex,Female,31.5
2007,adult_obesity,sex,Male,29.12
2008,adult_obesity,sex,Female,32.11
2008,adult_obesity,sex,Male,29.82
2009,adult_obesity,sex,Female,32.72
2009,adult_obesity,sex,Male,30.52
2010,adult_obesity,sex,Female,33.33
2010,adult_obesity,sex,Male,31.22
2011,adult_obesity,sex,Female,33.94
2011,adult_obesity,sex,Male,31.92
2012,adult_obesity,sex,Female,34.54
2012,adult_obesity,sex,Male,32.62
2013,adult_obesity,sex,Female,35.15
2013,adult_obesity,sex,Male,33.32
2014,adult_obesity,sex,Female,35.75
2014,adult_obesity,sex,Male,34.03
2015,adult_obesity,sex,Female,36.35
2015,adult_obesity,sex,Male,34.74
2016,adult_obesity,sex,Female,36.96
2016,adult_obesity,sex,Male,35.46
2000,adult_overweight,sex,Female,53.67
2000,adult_overweight,sex,Male,63.7
2001,adult_overweight,sex,Female,54.39
2001,adult_overweight,sex,Male,64.41
2002,adult_overweight,sex,Female,55.08
2002,adult_overweight,sex,Male,65.09
2003,adult_overweight,sex,Female,55.75
2003,adult_overweight,sex,Male,65.74
2004,adult_overweight,sex,Female,56.4
2004,adult_overweight,sex,Male,66.37
2005,adult_overweight,sex,Female,57.02
2005,adult_overweight,sex,Male,66.98
2006,adult_overweight,sex,Female,57.63
2006,adult_overweight,sex,Male,67.57
2007,adult_overweight,sex,Female,58.23
2007,adult_overweight,sex,Male,68.14
2008,adult_overweight,sex,Female,58.81
2008,adult_overweight,sex,Male,68.69
2009,adult_overweight,sex,Female,59.38
2009,adult_overweight,sex,Male,69.23
2010,adult_overweight,sex,Female,59.94
2010,adult_overweight,sex,Male,69.75
2011,adult_overweight,sex,Female,60.49
2011,adult_overweight,sex,Male,70.27
2012,adult_overweight,sex,Female,61.04
2012,adult_overweight,sex,Male,70.78
2013,adult_overweight,sex,Female,61.58
2013,adult_overweight,sex,Male,71.28
2014,adult_overweight,sex,Female,62.11
2014,adult_overweight,sex,Male,71.77
2015,adult_overweight,sex,Female,62.64
2015,adult_overweight,sex,Male,72.26
2016,adult_overweight,sex,Female,63.17
2016,adult_overweight,sex,Male,72.75
2000,adult_underweight,sex,Female,2.44
2000,adult_underweight,sex,Male,0.91
2001,adult_underweight,sex,Female,2.39
2001,adult_underweight,sex,Male,0.89
2002,adult_underweight,sex,Female,2.34
2002,adult_underweight,sex,Male,0.86
2003,adult_underweight,sex,Female,2.3
2003,adult_underweight,sex,Male,0.84
2004,adult_underweight,sex,Female,2.25
2004,adult_underweight,sex,Male,0.82
2005,adult_underweight,sex,Female,2.22
2005,adult_underweight,sex,Male,0.8
2006,adult_underweight,sex,Female,2.18
2006,adult_underweight,sex,Male,0.78
2007,adult_underweight,sex,Female,2.15
2007,adult_underweight,sex,Male,0.76
2008,adult_underweight,sex,Female,2.12
2008,adult_underweight,sex,Male,0.74
2009,adult_underweight,sex,Female,2.09
2009,adult_underweight,sex,Male,0.72
2010,adult_underweight,sex,Female,2.06
2010,adult_underweight,sex,Male,0.7
2011,adult_underweight,sex,Female,2.03
2011,adult_underweight,sex,Male,0.69
2012,adult_underweight,sex,Female,2.01
2012,adult_underweight,sex,Male,0.67
2013,adult_underweight,sex,Female,1.98
2013,adult_underweight,sex,Male,0.66
2014,adult_underweight,sex,Female,1.96
2014,adult_underweight,sex,Male,0.64
2015,adult_underweight,sex,Female,1.94
2015,adult_underweight,sex,Male,0.63
2016,adult_underweight,sex,Female,1.91
2016,adult_underweight,sex,Male,0.62
2000,lbw,all,,7.5
2001,lbw,all,,7.71
2002,lbw,all,,7.88
2003,lbw,all,,8
2004,lbw,all,,8.09
2005,lbw,all,,8.15
2006,lbw,all,,8.18
2007,lbw,all,,8.19
2008,lbw,all,,8.18
2009,lbw,all,,8.16
2010,lbw,all,,8.13
2011,lbw,all,,8.1
2012,lbw,all,,8.07
2013,lbw,all,,8.04
2014,lbw,all,,8.02
2015,lbw,all,,8.02
2000,overweight,age,0-23 months,8.7
2000,overweight,sex,Both,8.3
2000,overweight,sex,Boys,9.3
2000,overweight,sex,Girls,7.2
2002,overweight,age,0-23 months,6.8
2002,overweight,sex,Both,7.6
2002,overweight,sex,Boys,8.2
2002,overweight,sex,Girls,6.9
2004,overweight,age,0-23 months,8
2004,overweight,sex,Both,9.4
2004,overweight,sex,Boys,8.1
2004,overweight,sex,Girls,10.8
2006,overweight,age,0-23 months,6.6
2006,overweight,sex,Both,8
2006,overweight,sex,Boys,8
2006,overweight,sex,Girls,7.9
2008,overweight,age,0-23 months,8
2008,overweight,sex,Both,7.4
2008,overweight,sex,Boys,7.1
2008,overweight,sex,Girls,7.6
2010,overweight,age,0-23 months,8.1
2010,overweight,sex,Both,9
2010,overweight,sex,Boys,11
2010,overweight,sex,Girls,7
2012,overweight,age,0-23 months,6.9
2012,overweight,sex,Both,6.4
2012,overweight,sex,Boys,5.7
2012,overweight,sex,Girls,7.2
2014,overweight,age,0-23 months,7.6
2014,overweight,sex,Both,8.2
2014,overweight,sex,Boys,7.8
2014,overweight,sex,Girls,8.6
2016,overweight,age,0-23 months,8.6
2016,overweight,sex,Both,9.4
2016,overweight,sex,Boys,10.6
2016,overweight,sex,Girls,8.2
2018,overweight,age,0-23 months,9.3
2018,overweight,sex,Both,9.4
2018,overweight,sex,Boys,12.8
2018,overweight,sex,Girls,5.7
2000,Risk_factor_all-rf,Cause,all-c,831705
2000,Risk_factor_all-rf,Cause,Cancer,231712
2000,Risk_factor_all-rf,Cause,CHD,457066
2000,Risk_factor_all-rf,Cause,Resp_Dis,20290
2000,Risk_factor_all-rf,Cause,Stroke,73452
2000,Risk_factor_all-rf,Cause,T2DM,49186
2010,Risk_factor_all-rf,Cause,all-c,749204
2010,Risk_factor_all-rf,Cause,Cancer,247024
2010,Risk_factor_all-rf,Cause,CHD,366945
2010,Risk_factor_all-rf,Cause,Resp_Dis,23647
2010,Risk_factor_all-rf,Cause,Stroke,65016
2010,Risk_factor_all-rf,Cause,T2DM,46572
2015,Risk_factor_all-rf,Cause,all-c,795009
2015,Risk_factor_all-rf,Cause,Cancer,268332
2015,Risk_factor_all-rf,Cause,CHD,382105
2015,Risk_factor_all-rf,Cause,Resp_Dis,26980
2015,Risk_factor_all-rf,Cause,Stroke,71414
2015,Risk_factor_all-rf,Cause,T2DM,46177
2018,Risk_factor_all-rf,Cause,all-c,846703
2018,Risk_factor_all-rf,Cause,Cancer,287699
2018,Risk_factor_all-rf,Cause,CHD,403744
2018,Risk_factor_all-rf,Cause,Resp_Dis,28912
2018,Risk_factor_all-rf,Cause,Stroke,75886
2018,Risk_factor_all-rf,Cause,T2DM,50462
2000,Risk_factor_diet,Cause,all-c,609043
2000,Risk_factor_diet,Cause,Cancer,150619
2000,Risk_factor_diet,Cause,CHD,386550
2000,Risk_factor_diet,Cause,Stroke,48615
2000,Risk_factor_diet,Cause,T2DM,17030
2010,Risk_factor_diet,Cause,all-c,526311
2010,Risk_factor_diet,Cause,Cancer,161006
2010,Risk_factor_diet,Cause,CHD,302546
2010,Risk_factor_diet,Cause,Stroke,42827
2010,Risk_factor_diet,Cause,T2DM,13978
2015,Risk_factor_diet,Cause,all-c,559485
2015,Risk_factor_diet,Cause,Cancer,175506
2015,Risk_factor_diet,Cause,CHD,315563
2015,Risk_factor_diet,Cause,Stroke,47152
2015,Risk_factor_diet,Cause,T2DM,14782
2018,Risk_factor_diet,Cause,all-c,591648
2018,Risk_factor_diet,Cause,Cancer,187771
2018,Risk_factor_diet,Cause,CHD,330916
2018,Risk_factor_diet,Cause,Stroke,50115
2018,Risk_factor_diet,Cause,T2DM,15737
2000,Risk_factor_fruits,Cause,all-c,119125
2000,Risk_factor_fruits,Cause,Cancer,35441
2000,Risk_factor_fruits,Cause,CHD,46219
2000,Risk_factor_fruits,Cause,Stroke,37465
2010,Risk_factor_fruits,Cause,all-c,109912
2010,Risk_factor_fruits,Cause,Cancer,38067
2010,Risk_factor_fruits,Cause,CHD,38359
2010,Risk_factor_fruits,Cause,Stroke,33486
2015,Risk_factor_fruits,Cause,all-c,118228
2015,Risk_factor_fruits,Cause,Cancer,41386
2015,Risk_factor_fruits,Cause,CHD,39989
2015,Risk_factor_fruits,Cause,Stroke,36853
2018,Risk_factor_fruits,Cause,all-c,125732
2018,Risk_factor_fruits,Cause,Cancer,44290
2018,Risk_factor_fruits,Cause,CHD,42533
2018,Risk_factor_fruits,Cause,Stroke,38909
2000,Risk_factor_legumes,Cause,all-c,113615
2000,Risk_factor_legumes,Cause,CHD,113615
2010,Risk_factor_legumes,Cause,all-c,94692
2010,Risk_factor_legumes,Cause,CHD,94692
2015,Risk_factor_legumes,Cause,all-c,97994
2015,Risk_factor_legumes,Cause,CHD,97994
2018,Risk_factor_legumes,Cause,all-c,104502
2018,Risk_factor_legumes,Cause,CHD,104502
2000,Risk_factor_nuts_seeds,Cause,all-c,79017
2000,Risk_factor_nuts_seeds,Cause,CHD,79017
2010,Risk_factor_nuts_seeds,Cause,all-c,36308
2010,Risk_factor_nuts_seeds,Cause,CHD,36308
2015,Risk_factor_nuts_seeds,Cause,all-c,32983
2015,Risk_factor_nuts_seeds,Cause,CHD,32983
2018,Risk_factor_nuts_seeds,Cause,all-c,24788
2018,Risk_factor_nuts_seeds,Cause,CHD,24788
2000,Risk_factor_obese,Cause,all-c,325934
2000,Risk_factor_obese,Cause,Cancer,82233
2000,Risk_factor_obese,Cause,CHD,158441
2000,Risk_factor_obese,Cause,Resp_Dis,21880
2000,Risk_factor_obese,Cause,Stroke,28308
2000,Risk_factor_obese,Cause,T2DM,35071
2010,Risk_factor_obese,Cause,all-c,301561
2010,Risk_factor_obese,Cause,Cancer,87578
2010,Risk_factor_obese,Cause,CHD,129952
2010,Risk_factor_obese,Cause,Resp_Dis,25181
2010,Risk_factor_obese,Cause,Stroke,25106
2010,Risk_factor_obese,Cause,T2DM,33745
2015,Risk_factor_obese,Cause,all-c,319995
2015,Risk_factor_obese,Cause,Cancer,94692
2015,Risk_factor_obese,Cause,CHD,135748
2015,Risk_factor_obese,Cause,Resp_Dis,28717
2015,Risk_factor_obese,Cause,Stroke,27532
2015,Risk_factor_obese,Cause,T2DM,33305
2018,Risk_factor_obese,Cause,all-c,344059
2018,Risk_factor_obese,Cause,Cancer,101825
2018,Risk_factor_obese,Cause,CHD,145355
2018,Risk_factor_obese,Cause,Resp_Dis,30909
2018,Risk_factor_obese,Cause,Stroke,29382
2018,Risk_factor_obese,Cause,T2DM,36587
2000,Risk_factor_overweight,Cause,all-c,73403
2000,Risk_factor_overweight,Cause,Cancer,17324
2000,Risk_factor_overweight,Cause,CHD,47258
2000,Risk_factor_overweight,Cause,Resp_Dis,-4624
2000,Risk_factor_overweight,Cause,Stroke,5295
2000,Risk_factor_overweight,Cause,T2DM,8150
2010,Risk_factor_overweight,Cause,all-c,64957
2010,Risk_factor_overweight,Cause,Cancer,18598
2010,Risk_factor_overweight,Cause,CHD,39200
2010,Risk_factor_overweight,Cause,Resp_Dis,-5478
2010,Risk_factor_overweight,Cause,Stroke,4719
2010,Risk_factor_overweight,Cause,T2DM,7917
2015,Risk_factor_overweight,Cause,all-c,67336
2015,Risk_factor_overweight,Cause,Cancer,20100
2015,Risk_factor_overweight,Cause,CHD,40553
2015,Risk_factor_overweight,Cause,Resp_Dis,-6180
2015,Risk_factor_overweight,Cause,Stroke,5155
2015,Risk_factor_overweight,Cause,T2DM,7707
2018,Risk_factor_overweight,Cause,all-c,71937
2018,Risk_factor_overweight,Cause,Cancer,21552
2018,Risk_factor_overweight,Cause,CHD,43114
2018,Risk_factor_overweight,Cause,Resp_Dis,-6566
2018,Risk_factor_overweight,Cause,Stroke,5446
2018,Risk_factor_overweight,Cause,T2DM,8389
2000,Risk_factor_prc_meat,Cause,all-c,68929
2000,Risk_factor_prc_meat,Cause,Cancer,3805
2000,Risk_factor_prc_meat,Cause,CHD,48529
2000,Risk_factor_prc_meat,Cause,Stroke,8796
2000,Risk_factor_prc_meat,Cause,T2DM,7798
2010,Risk_factor_prc_meat,Cause,all-c,60618
2010,Risk_factor_prc_meat,Cause,Cancer,3928
2010,Risk_factor_prc_meat,Cause,CHD,40976
2010,Risk_factor_prc_meat,Cause,Stroke,8024
2010,Risk_factor_prc_meat,Cause,T2DM,7691
2015,Risk_factor_prc_meat,Cause,all-c,68986
2015,Risk_factor_prc_meat,Cause,Cancer,4637
2015,Risk_factor_prc_meat,Cause,CHD,46490
2015,Risk_factor_prc_meat,Cause,Stroke,9678
2015,Risk_factor_prc_meat,Cause,T2DM,8181
2018,Risk_factor_prc_meat,Cause,all-c,71042
2018,Risk_factor_prc_meat,Cause,Cancer,4788
2018,Risk_factor_prc_meat,Cause,CHD,47758
2018,Risk_factor_prc_meat,Cause,Stroke,9864
2018,Risk_factor_prc_meat,Cause,T2DM,8632
2000,Risk_factor_red_meat,Cause,all-c,37648
2000,Risk_factor_red_meat,Cause,Cancer,2571
2000,Risk_factor_red_meat,Cause,CHD,25746
2000,Risk_factor_red_meat,Cause,Stroke,5671
2000,Risk_factor_red_meat,Cause,T2DM,3660
2010,Risk_factor_red_meat,Cause,all-c,26706
2010,Risk_factor_red_meat,Cause,Cancer,2153
2010,Risk_factor_red_meat,Cause,CHD,17522
2010,Risk_factor_red_meat,Cause,Stroke,4068
2010,Risk_factor_red_meat,Cause,T2DM,2964
2015,Risk_factor_red_meat,Cause,all-c,23480
2015,Risk_factor_red_meat,Cause,Cancer,1974
2015,Risk_factor_red_meat,Cause,CHD,15353
2015,Risk_factor_red_meat,Cause,Stroke,3649
2015,Risk_factor_red_meat,Cause,T2DM,2504
2018,Risk_factor_red_meat,Cause,all-c,29490
2018,Risk_factor_red_meat,Cause,Cancer,2475
2018,Risk_factor_red_meat,Cause,CHD,19194
2018,Risk_factor_red_meat,Cause,Stroke,4663
2018,Risk_factor_red_meat,Cause,T2DM,3158
2000,Risk_factor_SSBs,Cause,all-c,41127
2000,Risk_factor_SSBs,Cause,CHD,33898
2000,Risk_factor_SSBs,Cause,T2DM,7229
2010,Risk_factor_SSBs,Cause,all-c,20621
2010,Risk_factor_SSBs,Cause,CHD,16209
2010,Risk_factor_SSBs,Cause,T2DM,4412
2015,Risk_factor_SSBs,Cause,all-c,26792
2015,Risk_factor_SSBs,Cause,CHD,21468
2015,Risk_factor_SSBs,Cause,T2DM,5324
2018,Risk_factor_SSBs,Cause,all-c,25413
2018,Risk_factor_SSBs,Cause,CHD,20184
2018,Risk_factor_SSBs,Cause,T2DM,5229
2000,Risk_factor_underweight,Cause,all-c,5351
2000,Risk_factor_underweight,Cause,Cancer,473
2000,Risk_factor_underweight,Cause,CHD,972
2000,Risk_factor_underweight,Cause,Resp_Dis,3033
2000,Risk_factor_underweight,Cause,Stroke,873
2000,Risk_factor_underweight,Cause,T2DM,0
2010,Risk_factor_underweight,Cause,all-c,6157
2010,Risk_factor_underweight,Cause,Cancer,540
2010,Risk_factor_underweight,Cause,CHD,859
2010,Risk_factor_underweight,Cause,Resp_Dis,3944
2010,Risk_factor_underweight,Cause,Stroke,814
2010,Risk_factor_underweight,Cause,T2DM,0
2015,Risk_factor_underweight,Cause,all-c,6806
2015,Risk_factor_underweight,Cause,Cancer,586
2015,Risk_factor_underweight,Cause,CHD,884
2015,Risk_factor_underweight,Cause,Resp_Dis,4443
2015,Risk_factor_underweight,Cause,Stroke,893
2015,Risk_factor_underweight,Cause,T2DM,0
2018,Risk_factor_underweight,Cause,all-c,7022
2018,Risk_factor_underweight,Cause,Cancer,613
2018,Risk_factor_underweight,Cause,CHD,921
2018,Risk_factor_underweight,Cause,Resp_Dis,4568
2018,Risk_factor_underweight,Cause,Stroke,920
2018,Risk_factor_underweight,Cause,T2DM,0
2000,Risk_factor_vegetables,Cause,all-c,156923
2000,Risk_factor_vegetables,Cause,Cancer,58710
2000,Risk_factor_vegetables,Cause,CHD,98213
2010,Risk_factor_vegetables,Cause,all-c,143040
2010,Risk_factor_vegetables,Cause,Cancer,62462
2010,Risk_factor_vegetables,Cause,CHD,80578
2015,Risk_factor_vegetables,Cause,all-c,153166
2015,Risk_factor_vegetables,Cause,Cancer,68403
2015,Risk_factor_vegetables,Cause,CHD,84763
2018,Risk_factor_vegetables,Cause,all-c,163106
2018,Risk_factor_vegetables,Cause,Cancer,73102
2018,Risk_factor_vegetables,Cause,CHD,90004
2000,Risk_factor_weight,Cause,all-c,404688
2000,Risk_factor_weight,Cause,Cancer,100030
2000,Risk_factor_weight,Cause,CHD,206672
2000,Risk_factor_weight,Cause,Resp_Dis,20290
2000,Risk_factor_weight,Cause,Stroke,34476
2000,Risk_factor_weight,Cause,T2DM,43221
2010,Risk_factor_weight,Cause,all-c,372674
2010,Risk_factor_weight,Cause,Cancer,106716
2010,Risk_factor_weight,Cause,CHD,170011
2010,Risk_factor_weight,Cause,Resp_Dis,23647
2010,Risk_factor_weight,Cause,Stroke,30639
2010,Risk_factor_weight,Cause,T2DM,41661
2015,Risk_factor_weight,Cause,all-c,394137
2015,Risk_factor_weight,Cause,Cancer,115378
2015,Risk_factor_weight,Cause,CHD,177186
2015,Risk_factor_weight,Cause,Resp_Dis,26980
2015,Risk_factor_weight,Cause,Stroke,33580
2015,Risk_factor_weight,Cause,T2DM,41013
2018,Risk_factor_weight,Cause,all-c,423017
2018,Risk_factor_weight,Cause,Cancer,123991
2018,Risk_factor_weight,Cause,CHD,189390
2018,Risk_factor_weight,Cause,Resp_Dis,28912
2018,Risk_factor_weight,Cause,Stroke,35748
2018,Risk_factor_weight,Cause,T2DM,44977
2000,Risk_factor_whole_grains,Cause,all-c,203281
2000,Risk_factor_whole_grains,Cause,Cancer,70615
2000,Risk_factor_whole_grains,Cause,CHD,132666
2010,Risk_factor_whole_grains,Cause,all-c,184336
2010,Risk_factor_whole_grains,Cause,Cancer,75476
2010,Risk_factor_whole_grains,Cause,CHD,108861
2015,Risk_factor_whole_grains,Cause,all-c,196568
2015,Risk_factor_whole_grains,Cause,Cancer,82210
2015,Risk_factor_whole_grains,Cause,CHD,114357
2018,Risk_factor_whole_grains,Cause,all-c,209653
2018,Risk_factor_whole_grains,Cause,Cancer,88006
2018,Risk_factor_whole_grains,Cause,CHD,121646
2000,stunting,age,0-23 months,4.8
2000,stunting,sex,Both,3.2
2000,stunting,sex,Boys,3.7
2000,stunting,sex,Girls,2.6
2002,stunting,age,0-23 months,3.2
2002,stunting,sex,Both,3.1
2002,stunting,sex,Boys,4.2
2002,stunting,sex,Girls,2
2004,stunting,age,0-23 months,3.9
2004,stunting,sex,Both,2.9
2004,stunting,sex,Boys,2.9
2004,stunting,sex,Girls,2.8
2006,stunting,age,0-23 months,2.1
2006,stunting,sex,Both,3.1
2006,stunting,sex,Boys,4.6
2006,stunting,sex,Girls,1.5
2008,stunting,age,0-23 months,3.8
2008,stunting,sex,Both,2.3
2008,stunting,sex,Boys,3.1
2008,stunting,sex,Girls,1.5
2010,stunting,age,0-23 months,2.8
2010,stunting,sex,Both,2.8
2010,stunting,sex,Boys,2.8
2010,stunting,sex,Girls,2.8
2012,stunting,age,0-23 months,3.2
2012,stunting,sex,Both,2.2
2012,stunting,sex,Boys,3.1
2012,stunting,sex,Girls,1.3
2014,stunting,age,0-23 months,3.2
2014,stunting,sex,Both,2.4
2014,stunting,sex,Boys,2.6
2014,stunting,sex,Girls,2.2
2016,stunting,age,0-23 months,3.2
2016,stunting,sex,Both,3.5
2016,stunting,sex,Boys,4.6
2016,stunting,sex,Girls,2.5
2018,stunting,age,0-23 months,2.6
2018,stunting,sex,Both,3.4
2018,stunting,sex,Boys,2.8
2018,stunting,sex,Girls,4.1
2000,wasting,age,0-23 months,0.4
2000,wasting,sex,Both,0.5
2000,wasting,sex,Boys,0.9
2000,wasting,sex,Girls,0.1
2002,wasting,age,0-23 months,0.7
2002,wasting,sex,Both,0.3
2002,wasting,sex,Boys,0.5
2002,wasting,sex,Girls,0.1
2004,wasting,age,0-23 months,0.9
2004,wasting,sex,Both,0.7
2004,wasting,sex,Boys,0.6
2004,wasting,sex,Girls,0.9
2006,wasting,age,0-23 months,1.7
2006,wasting,sex,Both,0.9
2006,wasting,sex,Boys,0.6
2006,wasting,sex,Girls,1.1
2008,wasting,age,0-23 months,1.2
2008,wasting,sex,Both,0.6
2008,wasting,sex,Boys,0.8
2008,wasting,sex,Girls,0.4
2010,wasting,age,0-23 months,0.1
2010,wasting,sex,Both,0.1
2010,wasting,sex,Boys,0.2
2010,wasting,sex,Girls,0
2012,wasting,age,0-23 months,0.8
2012,wasting,sex,Both,0.3
2012,wasting,sex,Boys,0.2
2012,wasting,sex,Girls,0.5
2014,wasting,age,0-23 months,0.2
2014,wasting,sex,Both,0.3
2014,wasting,sex,Boys,0.6
2014,wasting,sex,Girls,0
2016,wasting,age,0-23 months,0.9
2016,wasting,sex,Both,0.4
2016,wasting,sex,Boys,0.7
2016,wasting,sex,Girls,0.1
2018,wasting,age,0-23 months,0.1
2018,wasting,sex,Both,0.1
2018,wasting,sex,Boys,0.2
2018,wasting,sex,Girls,0
